date,price_market_USD,price_market_EUR,price_official_EUR
2014-03-22,0.002966,0.002153316,0.0061
2014-03-23,0.004526,0.003285876,0.0061
2014-03-24,0.004129,0.002997654,0.0061
2014-03-25,0.004854,0.0035201208,0.0061
2014-03-26,0.004141,0.0030026391,0.0061
2014-03-27,0.004095,0.0029766555,0.0061
2014-03-28,0.001026,0.0007456968,0.0061
2014-03-29,0.00157,0.001138721,0.0061
2014-03-30,0.001483,0.0010756199,0.0061
2014-03-31,0.00325,0.002357225,0.0061
2014-04-01,0.002289,0.0016599828,0.0061
2014-04-02,0.003874,0.0028082626,0.0061
2014-04-03,0.001846,0.0013405652,0.0061
2014-04-04,0.002179,0.0015904521,0.0061
2014-04-05,0.002239,0.0016315593,0.0061
2014-04-06,0.002695,0.0019638465,0.0061
2014-04-07,0.002893,0.0021081291,0.0061
2014-04-08,0.003367,0.002444442,0.0061
2014-04-09,0.006188,0.0044863,0.0061
2014-04-10,0.010117,0.0072953687,0.0061
2014-04-11,0.005283,0.0038085147,0.0061
2014-04-12,0.007896,0.0057103872,0.0061
2014-04-13,0.012615,0.009123168,0.0061
2014-04-14,0.024084,0.0174175488,0.0061
2014-04-15,0.019211,0.0139183695,0.0061
2014-04-16,0.007734,0.005587815,0.0061
2014-04-17,0.014812,0.0106913016,0.0061
2014-04-18,0.017249,0.0124831013,0.0061
2014-04-19,0.012322,0.0089174314,0.0061
2014-04-20,0.013544,0.0098017928,0.0061
2014-04-21,0.014605,0.0105696385,0.0061
2014-04-22,0.00895,0.006477115,0.0061
2014-04-23,0.007879,0.0056957291,0.0061
2014-04-24,0.006682,0.0048350952,0.0061
2014-04-25,0.005057,0.003656211,0.0061
2014-04-26,0.004063,0.0029310482,0.0061
2014-04-27,0.003663,0.0026424882,0.0061
2014-04-28,0.003534,0.0025494276,0.0061
2014-04-29,0.00269,0.001945677,0.0061
2014-04-30,0.003122,0.002254084,0.0061
2014-05-01,0.00335,0.00241669,0.0061
2014-05-02,0.002973,0.0021447222,0.0061
2014-05-03,0.002912,0.0020989696,0.0061
2014-05-04,0.002234,0.0016102672,0.0061
2014-05-05,0.002399,0.0017291992,0.0061
2014-05-06,0.00193,0.001384003,0.0061
2014-05-07,0.002441,0.001752638,0.0061
2014-05-08,0.00238,0.001705746,0.0061
2014-05-09,0.005537,0.0040176472,0.0061
2014-05-10,0.004671,0.0033934815,0.0061
2014-05-11,0.003716,0.002699674,0.0061
2014-05-12,0.003535,0.0025681775,0.0061
2014-05-13,0.002898,0.0021149604,0.0061
2014-05-14,0.002929,0.0021349481,0.0061
2014-05-15,0.002232,0.0016340472,0.0061
2014-05-16,0.002426,0.0017712226,0.0061
2014-05-17,0.001826,0.0013313366,0.0061
2014-05-18,0.001962,0.0014304942,0.0061
2014-05-19,0.001946,0.0014188286,0.0061
2014-05-20,0.001704,0.0012435792,0.0061
2014-05-21,0.002186,0.0015984032,0.0061
2014-05-22,0.002021,0.0014785636,0.0061
2014-05-23,0.001836,0.0013470732,0.0061
2014-05-24,0.001431,0.0010494954,0.0061
2014-05-25,0.001728,0.0012673152,0.0061
2014-05-26,0.002172,0.0015929448,0.0061
2014-05-27,0.002153,0.0015785796,0.0061
2014-05-28,0.001824,0.0013404576,0.0061
2014-05-29,0.001604,0.0011782984,0.0061
2014-05-30,0.001875,0.0013779375,0.0061
2014-05-31,0.001784,0.0013107048,0.0061
2014-06-01,0.001391,0.0010219677,0.0061
2014-06-02,0.001865,0.0013702155,0.0061
2014-06-03,0.001916,0.0014042364,0.0061
2014-06-04,0.001609,0.0011806842,0.0061
2014-06-05,0.001553,0.0011447163,0.0061
2014-06-06,0.001127,0.000826091,0.0061
2014-06-07,0.001203,0.0008840847,0.0061
2014-06-08,0.001179,0.0008664471,0.0061
2014-06-09,0.001115,0.0008194135,0.0061
2014-06-10,0.00111,0.000819402,0.0061
2014-06-11,0.001058,0.0007810156,0.0061
2014-06-12,0.001095,0.000809424,0.0061
2014-06-13,0.001068,0.0007891452,0.0061
2014-06-14,0.00105,0.00077595,0.0061
2014-06-15,0.001195,0.000883105,0.0061
2014-06-16,0.00134,0.00099026,0.0061
2014-06-17,0.00122,0.00089914,0.0061
2014-06-18,0.001159,0.0008545307,0.0061
2014-06-19,0.000821,0.0006027782,0.0061
2014-06-21,0.000883,0.0006494465,0.0061
2014-06-22,0.000916,0.000673718,0.0061
2014-06-23,0.001024,0.000753152,0.0061
2014-06-24,0.00101,0.000741643,0.0061
2014-06-25,0.000943,0.0006926335,0.0061
2014-06-26,0.001048,0.00077028,0.0061
2014-06-27,0.001087,0.0007980754,0.0061
2014-06-28,0.001132,0.0008288504,0.0061
2014-06-29,0.000954,0.0006985188,0.0061
2014-06-30,0.000934,0.0006838748,0.0061
2014-07-01,0.001145,0.000836537,0.0061
2014-07-02,0.000769,0.0005631387,0.0061
2014-07-03,0.000716,0.0005246848,0.0061
2014-07-04,0.000787,0.0005791533,0.0061
2014-07-05,0.000819,0.0006025383,0.0061
2014-07-06,0.000821,0.0006040097,0.0061
2014-07-07,0.000953,0.0007011221,0.0061
2014-07-08,0.000872,0.0006417048,0.0061
2014-07-09,0.000832,0.0006116032,0.0061
2014-07-10,0.000875,0.0006432125,0.0061
2014-07-11,0.000999,0.0007348644,0.0061
2014-07-12,0.000948,0.0006956424,0.0061
2014-07-13,0.000989,0.0007257282,0.0061
2014-07-14,0.001253,0.0009194514,0.0061
2014-07-15,0.001116,0.0008198136,0.0061
2014-07-16,0.001449,0.001070811,0.0061
2014-07-17,0.001788,0.0013220472,0.0061
2014-07-18,0.0014,0.00103516,0.0061
2014-07-19,0.001353,0.0010009494,0.0061
2014-07-20,0.001169,0.0008648262,0.0061
2014-07-21,0.000817,0.0006044166,0.0061
2014-07-22,0.000647,0.0004799446,0.0061
2014-07-23,0.000621,0.0004612167,0.0061
2014-07-24,0.000551,0.0004090073,0.0061
2014-07-25,0.000692,0.000514848,0.0061
2014-07-26,0.000481,0.0003580564,0.0061
2014-07-27,0.000447,0.0003327468,0.0061
2014-07-28,0.000648,0.0004823712,0.0061
2014-07-29,0.000474,0.0003529878,0.0061
2014-07-30,0.000468,0.0003492216,0.0061
2014-07-31,0.000454,0.0003393196,0.0061
2014-08-01,0.000586,0.000437449,0.0061
2014-08-02,0.000494,0.00036803,0.0061
2014-08-03,0.000559,0.000416455,0.0061
2014-08-04,0.000522,0.00038889,0.0061
2014-08-05,0.000618,0.0004618314,0.0061
2014-08-06,0.000527,0.0003948811,0.0061
2014-08-07,0.00052,0.000389012,0.0061
2014-08-08,0.000677,0.0005056513,0.0061
2014-08-09,0.00077,0.00057519,0.0061
2014-08-10,0.00076,0.00056772,0.0061
2014-08-11,0.000887,0.000662589,0.0061
2014-08-12,0.000577,0.0004323461,0.0061
2014-08-13,0.000793,0.0005935605,0.0061
2014-08-14,0.000481,0.0003596918,0.0061
2014-08-15,0.00046,0.000343574,0.0061
2014-08-16,0.000408,0.0003048576,0.0061
2014-08-17,0.000426,0.0003183072,0.0061
2014-08-18,0.000374,0.0002794528,0.0061
2014-08-19,0.000365,0.000273312,0.0061
2014-08-20,0.000291,0.0002190648,0.0061
2014-08-21,0.00048,0.00036192,0.0061
2014-08-22,0.000564,0.0004251432,0.0061
2014-08-23,0.000601,0.0004553176,0.0061
2014-08-24,0.000673,0.0005098648,0.0061
2014-08-25,0.000508,0.0003848608,0.0061
2014-08-26,0.000754,0.000571532,0.0061
2014-08-27,0.000768,0.0005828352,0.0061
2014-08-28,0.00092,0.000698096,0.0061
2014-08-29,0.000829,0.0006286307,0.0061
2014-08-30,0.000839,0.0006388146,0.0061
2014-08-31,0.000935,0.000711909,0.0061
2014-09-01,0.001099,0.0008367786,0.0061
2014-09-02,0.00177,0.001349625,0.0061
2014-09-03,0.001526,0.0011603704,0.0061
2014-09-04,0.0016,0.00122928,0.0061
2014-09-05,0.001959,0.0015129357,0.0061
2014-09-06,0.002364,0.0018259536,0.0061
2014-09-07,0.002426,0.0018738424,0.0061
2014-09-08,0.004837,0.0037360988,0.0061
2014-09-09,0.003566,0.0027640066,0.0061
2014-09-10,0.003604,0.002787694,0.0061
2014-09-11,0.004067,0.0031458245,0.0061
2014-09-12,0.004,0.0030932,0.0061
2014-09-13,0.003349,0.0025938005,0.0061
2014-09-14,0.003962,0.003068569,0.0061
2014-09-15,0.003636,0.002816082,0.0061
2014-09-16,0.004136,0.0031942328,0.0061
2014-09-17,0.005134,0.0039624212,0.0061
2014-09-18,0.006168,0.0047919192,0.0061
2014-09-19,0.00612,0.004761972,0.0061
2014-09-20,0.00491,0.003822435,0.0061
2014-09-21,0.004085,0.0031801725,0.0061
2014-09-22,0.005069,0.0039462165,0.0061
2014-09-23,0.005489,0.0042578173,0.0061
2014-09-24,0.005103,0.0039788091,0.0061
2014-09-25,0.005505,0.0043307835,0.0061
2014-09-26,0.005349,0.0042011046,0.0061
2014-09-27,0.005488,0.0043207024,0.0061
2014-09-28,0.005353,0.0042144169,0.0061
2014-09-29,0.004806,0.0037837638,0.0061
2014-09-30,0.004513,0.0035864811,0.0061
2014-10-01,0.004843,0.0038429205,0.0061
2014-10-02,0.005718,0.0045269406,0.0061
2014-11-29,0.006197,0.004969994,0.0061
2014-11-30,0.00751,0.00602302,0.0061
2014-12-01,0.007565,0.00606713,0.0061
2014-12-03,0.007549,0.006122239,0.0061
2014-12-04,0.007514,0.0061036222,0.0061
2014-12-05,0.007441,0.0060190249,0.0061
2014-12-06,0.009042,0.0073764636,0.0061
2014-12-07,0.008059,0.0065745322,0.0061
2014-12-08,0.007496,0.0061152368,0.0061
2014-12-09,0.009047,0.0073144995,0.0061
2014-12-10,0.008805,0.007105635,0.0061
2014-12-11,0.008608,0.0069259968,0.0061
2014-12-12,0.008774,0.0070472768,0.0061
2014-12-13,0.009243,0.0074387664,0.0061
2014-12-14,0.009639,0.0077574672,0.0061
2014-12-15,0.008988,0.0072335424,0.0061
2014-12-16,0.010011,0.0079847736,0.0061
2014-12-17,0.00674,0.005414242,0.0061
2014-12-18,0.008775,0.00714285,0.0061
2014-12-19,0.008508,0.0069289152,0.0061
2014-12-20,0.0076,0.00619932,0.0061
2014-12-21,0.008447,0.0068902179,0.0061
2014-12-22,0.006742,0.0054994494,0.0061
2014-12-23,0.006023,0.0049316324,0.0061
2014-12-24,0.006807,0.0055708488,0.0061
2014-12-25,0.006439,0.0052793361,0.0061
2014-12-26,0.006559,0.0053777241,0.0061
2014-12-27,0.005896,0.0048341304,0.0061
2014-12-28,0.004512,0.0036993888,0.0061
2014-12-29,0.005534,0.0045373266,0.0061
2014-12-30,0.005004,0.0041152896,0.0061
2014-12-31,0.004664,0.0038417368,0.0061
2015-01-01,0.003909,0.0032460336,0.0061
2015-01-02,0.003772,0.0031322688,0.0061
2015-01-03,0.003936,0.0033034848,0.0061
2015-01-04,0.005654,0.0047454022,0.0061
2015-01-05,0.004772,0.0040051396,0.0061
2015-01-06,0.004668,0.0039178524,0.0061
2015-01-07,0.00658,0.005561416,0.0061
2015-01-08,0.005141,0.0043688218,0.0061
2015-01-09,0.003953,0.0033462145,0.0061
2015-01-10,0.003496,0.0029618112,0.0061
2015-01-11,0.004116,0.0034870752,0.0061
2015-01-12,0.003625,0.0030711,0.0061
2015-01-13,0.003,0.0025464,0.0061
2015-01-14,0.003806,0.0032324358,0.0061
2015-01-15,0.003853,0.0032908473,0.0061
2015-01-16,0.005331,0.004600653,0.0061
2015-01-17,0.004468,0.0038500756,0.0061
2015-01-18,0.003321,0.0028617057,0.0061
2015-01-19,0.003477,0.0029961309,0.0061
2015-01-20,0.005127,0.0044276772,0.0061
2015-01-21,0.005811,0.0050125686,0.0061
2015-01-22,0.005583,0.0048052881,0.0061
2015-01-23,0.005371,0.004796303,0.0061
2015-01-24,0.005189,0.0046150966,0.0061
2015-01-25,0.006132,0.0054538008,0.0061
2015-01-26,0.006733,0.0059883302,0.0061
2015-01-27,0.006824,0.006035828,0.0061
2015-01-28,0.006581,0.0058011515,0.0061
2015-01-29,0.004982,0.0044030916,0.0061
2015-01-30,0.005819,0.0051474874,0.0061
2015-01-31,0.005661,0.0050054562,0.0061
2015-02-01,0.005422,0.0047941324,0.0061
2015-02-02,0.005549,0.0049064258,0.0061
2015-02-03,0.005598,0.004920642,0.0061
2015-02-04,0.005568,0.0048647616,0.0061
2015-02-05,0.005659,0.0049595476,0.0061
2015-02-06,0.005202,0.0045444672,0.0061
2015-02-07,0.005334,0.0047307246,0.0061
2015-02-08,0.004927,0.0043697563,0.0061
2015-02-09,0.004693,0.0041622217,0.0061
2015-02-10,0.005283,0.0046765116,0.0061
2015-02-11,0.005056,0.0044689984,0.0061
2015-02-12,0.005041,0.0044501948,0.0061
2015-02-13,0.005101,0.0044822487,0.0061
2015-02-14,0.005387,0.0047222442,0.0061
2015-02-15,0.004583,0.0040174578,0.0061
2015-02-16,0.002348,0.0020582568,0.0061
2015-02-17,0.005603,0.004908228,0.0061
2015-02-18,0.002923,0.0025704862,0.0061
2015-02-19,0.003443,0.0030236426,0.0061
2015-02-20,0.004782,0.0042325482,0.0061
2015-02-21,0.004876,0.0043157476,0.0061
2015-02-22,0.004888,0.0043263688,0.0061
2015-02-23,0.004717,0.0041750167,0.0061
2015-02-24,0.004775,0.00421537,0.0061
2015-02-25,0.004536,0.0039980304,0.0061
2015-02-26,0.004944,0.0043685184,0.0061
2015-02-27,0.003783,0.0033657351,0.0061
2015-02-28,0.005051,0.0044989257,0.0061
2015-03-01,0.00506,0.004506942,0.0061
2015-03-02,0.005411,0.0048195777,0.0061
2015-03-03,0.005513,0.0049363402,0.0061
2015-03-04,0.006195,0.005569305,0.0061
2015-03-05,0.005983,0.0054050422,0.0061
2015-03-06,0.00675,0.00615735,0.0061
2015-03-07,0.006545,0.006026636,0.0061
2015-03-08,0.00429,0.003950232,0.0061
2015-03-09,0.006392,0.0058857536,0.0061
2015-03-10,0.006707,0.0062462291,0.0061
2015-03-11,0.006419,0.0060685226,0.0061
2015-03-12,0.006817,0.0064229774,0.0061
2015-03-13,0.007179,0.0067906161,0.0061
2015-03-14,0.006534,0.0061890048,0.0061
2015-03-15,0.006001,0.0056841472,0.0061
2015-03-16,0.006527,0.0061823744,0.0067
2015-03-17,0.006623,0.0062276069,0.0067
2015-03-18,0.006007,0.0056712087,0.0067
2015-03-19,0.005892,0.0055184472,0.0067
2015-03-20,0.006915,0.00641712,0.0067
2015-03-21,0.007198,0.0065962472,0.0067
2015-03-22,0.006233,0.0057119212,0.0067
2015-03-23,0.006364,0.0058319696,0.0074
2015-03-24,0.006874,0.0062773368,0.0074
2015-03-25,0.005754,0.0052378662,0.0074
2015-03-26,0.006409,0.0058405217,0.0074
2015-03-27,0.006684,0.0061573008,0.0074
2015-03-28,0.008641,0.0079678661,0.0074
2015-03-29,0.008886,0.0081937806,0.0074
2015-03-30,0.010898,0.0100490458,0.0083
2015-03-31,0.011068,0.010287706,0.0091
2015-04-01,0.010348,0.0096215704,0.0091
2015-04-02,0.010484,0.0096809256,0.0091
2015-04-03,0.011385,0.0104958315,0.0091
2015-04-04,0.010936,0.0100818984,0.0100
2015-04-05,0.010148,0.0093554412,0.0100
2015-04-06,0.010427,0.0096126513,0.0100
2015-04-07,0.010475,0.0096569025,0.0100
2015-04-08,0.011365,0.010462619,0.0100
2015-04-09,0.010379,0.0096337878,0.0105
2015-04-10,0.011209,0.0106048349,0.0105
2015-04-11,0.012622,0.0119618694,0.0105
2015-04-12,0.012535,0.0118794195,0.0105
2015-04-13,0.0124,0.01175148,0.0111
2015-04-14,0.012015,0.011373399,0.0111
2015-04-15,0.012823,0.0121215819,0.0111
2015-04-16,0.014213,0.0132692568,0.0118
2015-04-17,0.017599,0.0162737953,0.0125
2015-04-18,0.016952,0.0158094352,0.0133
2015-04-19,0.017415,0.016241229,0.0133
2015-04-20,0.014469,0.0134937894,0.0133
2015-04-21,0.016341,0.0152722986,0.0133
2015-04-22,0.014916,0.0138838128,0.0154
2015-04-23,0.021076,0.0195648508,0.0154
2015-04-24,0.023405,0.0216238795,0.0154
2015-04-25,0.0208,0.0192192,0.0154
2015-04-26,0.02033,0.01878492,0.0154
2015-04-27,0.0197,0.0182028,0.0154
2015-04-28,0.019255,0.017622176,0.0154
2015-04-29,0.020092,0.0182616188,0.0154
2015-04-30,0.020092,0.0179160364,0.0154
2015-05-01,0.020816,0.0186657072,0.0154
2015-05-02,0.020409,0.0183007503,0.0167
2015-05-03,0.018794,0.0168525798,0.0167
2015-05-04,0.020649,0.0185159583,0.0167
2015-05-05,0.019121,0.0171993395,0.0167
2015-05-06,0.019126,0.017031703,0.0167
2015-05-07,0.020014,0.0177043844,0.0167
2015-05-08,0.02112,0.018822144,0.0167
2015-05-09,0.021926,0.019678585,0.0182
2015-05-10,0.024425,0.0219214375,0.0182
2015-05-11,0.024222,0.021739245,0.0200
2015-05-12,0.024288,0.0216114624,0.0200
2015-05-13,0.024714,0.0220251168,0.0200
2015-05-14,0.025801,0.0225939357,0.0222
2015-05-15,0.035026,0.0309209528,0.0250
2015-05-16,0.040358,0.035434324,0.0286
2015-05-17,0.039674,0.034833772,0.0313
2015-05-18,0.043802,0.038458156,0.0357
2015-05-19,0.043828,0.039204146,0.0385
2015-05-20,0.051021,0.0458882874,0.0435
2015-05-21,0.079798,0.0716745636,0.0500
2015-05-22,0.077663,0.0695627491,0.0588
2015-05-23,0.088905,0.0809835645,0.0667
2015-05-24,0.088022,0.0801792398,0.0714
2015-05-25,0.071746,0.0653534314,0.0714
2015-05-26,0.068762,0.0629309824,0.0714
2015-05-27,0.071135,0.065486881,0.0714
2015-05-28,0.073558,0.0675115324,0.0714
2015-05-29,0.071222,0.0649259752,0.0714
2015-05-30,0.069825,0.0637991025,0.0714
2015-05-31,0.058731,0.0536625147,0.0625
2015-06-01,0.042712,0.0390259544,0.0625
2015-06-02,0.034554,0.0313301118,0.0625
2015-06-03,0.043417,0.0389971494,0.0625
2015-06-04,0.05337,0.047157732,0.0625
2015-06-05,0.053479,0.0476711806,0.0625
2015-06-06,0.051953,0.0465446927,0.0625
2015-06-07,0.042868,0.0384054412,0.0625
2015-06-08,0.042316,0.0379109044,0.0556
2015-06-09,0.042725,0.037982525,0.0556
2015-06-10,0.042083,0.0373107878,0.0500
2015-06-11,0.029742,0.0264793026,0.0500
2015-06-12,0.023239,0.0207129207,0.0500
2015-06-13,0.018401,0.0164026514,0.0500
2015-06-14,0.023245,0.020720593,0.0500
2015-06-15,0.040454,0.0360606956,0.0500
2015-06-16,0.049686,0.0443050062,0.0500
2015-06-17,0.047359,0.0419884894,0.0500
2015-06-18,0.032409,0.0284194521,0.0500
2015-06-19,0.037463,0.033154755,0.0500
2015-06-20,0.032471,0.0286199394,0.0500
2015-06-21,0.034205,0.030148287,0.0500
2015-06-22,0.029305,0.025829427,0.0500
2015-06-23,0.034737,0.0310027725,0.0500
2015-06-24,0.034126,0.0304335668,0.0500
2015-06-25,0.033119,0.0295553956,0.0500
2015-06-26,0.030112,0.0268809824,0.0500
2015-06-27,0.026907,0.0241678674,0.0500
2015-06-28,0.031311,0.0281235402,0.0500
2015-06-29,0.031074,0.0279106668,0.0500
2015-06-30,0.030398,0.0271666926,0.0500
2015-07-01,0.031561,0.0284333049,0.0500
2015-07-02,0.033362,0.0301492394,0.0500
2015-07-03,0.033209,0.0299279508,0.0500
2015-07-04,0.034605,0.031435182,0.0500
2015-07-05,0.033915,0.030808386,0.0500
2015-07-06,0.03536,0.032121024,0.0500
2015-07-07,0.038668,0.0353734864,0.0500
2015-07-08,0.030081,0.0272864751,0.0500
2015-07-09,0.035286,0.0319232442,0.0500
2015-07-10,0.029865,0.0267022965,0.0500
2015-07-11,0.036233,0.0327944883,0.0500
2015-07-12,0.022864,0.0206942064,0.0500
2015-07-13,0.018704,0.0169289904,0.0500
2015-07-14,0.020444,0.018532486,0.0500
2015-07-15,0.031043,0.0281963569,0.0500
2015-07-16,0.01788,0.016453176,0.0500
2015-07-17,0.021413,0.0196656992,0.0500
2015-07-18,0.018445,0.0169970675,0.0500
2015-07-19,0.021154,0.019493411,0.0500
2015-07-20,0.023249,0.0214239535,0.0500
2015-07-21,0.020656,0.0190076512,0.0500
2015-07-22,0.020412,0.0187239276,0.0500
2015-07-23,0.015208,0.0138271136,0.0500
2015-07-24,0.017049,0.0155861958,0.0500
2015-07-25,0.018228,0.0164835804,0.0500
2015-07-26,0.016741,0.0151388863,0.0500
2015-07-27,0.012878,0.0116455754,0.0500
2015-07-28,0.016261,0.014748727,0.0500
2015-07-29,0.015775,0.014301615,0.0500
2015-07-30,0.011795,0.010766476,0.0500
2015-07-31,0.014674,0.0133797532,0.0500
2015-08-01,0.014901,0.0136075932,0.0500
2015-08-02,0.016896,0.0154294272,0.0500
2015-08-03,0.014132,0.0129053424,0.0500
2015-08-04,0.012655,0.0115325015,0.0500
2015-08-05,0.010767,0.0098937963,0.0500
2015-08-06,0.011275,0.0103583425,0.0500
2015-08-07,0.011057,0.010106098,0.0500
2015-08-08,0.010764,0.0098210736,0.0500
2015-08-09,0.013032,0.0118903968,0.0500
2015-08-10,0.015905,0.014511722,0.0500
2015-08-11,0.020076,0.0181607496,0.0500
2015-08-12,0.021634,0.019394881,0.0500
2015-08-13,0.02131,0.019183262,0.0500
2015-08-14,0.019014,0.0170213328,0.0500
2015-08-15,0.018332,0.0165152988,0.0500
2015-08-16,0.021834,0.0196702506,0.0500
2015-08-17,0.020807,0.0187450263,0.0500
2015-08-18,0.017555,0.015873231,0.0500
2015-08-19,0.014353,0.0129995121,0.0500
2015-08-20,0.018067,0.0161555114,0.0500
2015-08-21,0.014413,0.0127756832,0.0500
2015-08-22,0.013487,0.0117309926,0.0500
2015-08-23,0.012213,0.0106228674,0.0500
2015-08-24,0.013813,0.0120145474,0.0500
2015-08-25,0.012632,0.0109784712,0.0500
2015-08-26,0.011085,0.009721545,0.0500
2015-08-27,0.01577,0.013975374,0.0500
2015-08-28,0.016635,0.0147635625,0.0500
2015-08-29,0.018468,0.0164679156,0.0500
2015-08-30,0.016489,0.0147032413,0.0500
2015-08-31,0.015556,0.0138712852,0.0500
2015-09-01,0.017484,0.01556076,0.0500
2015-09-02,0.016155,0.0143537175,0.0500
2015-09-03,0.015821,0.0140901826,0.0500
2015-09-04,0.014819,0.0133044982,0.0500
2015-09-05,0.017491,0.0156929252,0.0500
2015-09-06,0.01718,0.015413896,0.0500
2015-09-07,0.017268,0.0154928496,0.0500
2015-09-08,0.017288,0.0154883192,0.0500
2015-09-09,0.01809,0.016239393,0.0500
2015-09-10,0.014385,0.0128616285,0.0500
2015-09-11,0.014309,0.0126992375,0.0500
2015-09-12,0.010925,0.009664255,0.0500
2015-09-13,0.012481,0.0110406926,0.0500
2015-09-14,0.0136,0.01203056,0.0500
2015-09-15,0.010189,0.0090009626,0.0500
2015-09-16,0.010364,0.0092301784,0.0500
2015-09-17,0.008133,0.007189572,0.0500
2015-09-18,0.008181,0.0071641017,0.0500
2015-09-19,0.012422,0.0110419158,0.0500
2015-09-20,0.011572,0.0102863508,0.0500
2015-09-21,0.011402,0.0101352378,0.0500
2015-09-22,0.011908,0.010675522,0.0500
2015-09-23,0.012077,0.0108318613,0.0500
2015-09-24,0.012088,0.0107534848,0.0500
2015-09-25,0.012193,0.0109346824,0.0500
2015-09-26,0.01076,0.009633428,0.0500
2015-09-27,0.009385,0.0084023905,0.0500
2015-09-28,0.00932,0.008344196,0.0500
2015-09-29,0.009738,0.008691165,0.0500
2015-09-30,0.01337,0.011934062,0.0500
2015-10-01,0.011801,0.0105807766,0.0500
2015-10-02,0.012571,0.0112648731,0.0500
2015-10-03,0.011864,0.01055896,0.0500
2015-10-04,0.008599,0.00765311,0.0500
2015-10-05,0.011103,0.00988167,0.0500
2015-10-06,0.009716,0.0086559844,0.0500
2015-10-07,0.011257,0.0099917132,0.0500
2015-10-08,0.011024,0.0097959264,0.0500
2015-10-09,0.009029,0.0079464229,0.0500
2015-10-10,0.011001,0.0096731793,0.0500
2015-10-11,0.01091,0.009593163,0.0500
2015-10-12,0.010833,0.0095254569,0.0500
2015-10-13,0.010303,0.0090583976,0.0500
2015-10-14,0.007989,0.0070015596,0.0500
2015-10-15,0.007565,0.006613323,0.0500
2015-10-16,0.007886,0.0069420458,0.0500
2015-10-17,0.007886,0.0069586064,0.0500
2015-10-18,0.010444,0.0092157856,0.0500
2015-10-19,0.01045,0.00922108,0.0500
2015-10-20,0.008167,0.0071812431,0.0500
2015-10-21,0.010646,0.0093759322,0.0500
2015-10-22,0.008257,0.0072983623,0.0500
2015-10-23,0.010684,0.0096391048,0.0500
2015-10-24,0.009124,0.0082864168,0.0500
2015-10-25,0.011315,0.010276283,0.0500
2015-10-26,0.010156,0.0092236792,0.0500
2015-10-27,0.009095,0.0082227895,0.0500
2015-10-28,0.011302,0.0101955342,0.0500
2015-10-29,0.010624,0.0097198976,0.0500
2015-10-30,0.011923,0.0108225071,0.0500
2015-10-31,0.012789,0.0115932285,0.0500
2015-11-01,0.012502,0.011333063,0.0500
2015-11-02,0.009115,0.0082627475,0.0500
2015-11-03,0.011204,0.0102079644,0.0500
2015-11-04,0.015685,0.0143439325,0.0500
2015-11-05,0.013981,0.0128471409,0.0500
2015-11-06,0.00967,0.008901235,0.0500
2015-11-07,0.012717,0.011801376,0.0500
2015-11-08,0.013129,0.012183712,0.0500
2015-11-09,0.009036,0.008385408,0.0500
2015-11-10,0.009548,0.0089140128,0.0500
2015-11-11,0.010108,0.0094327856,0.0500
2015-11-12,0.010568,0.0098525464,0.0500
2015-11-13,0.010818,0.010049922,0.0500
2015-11-14,0.007311,0.0068182386,0.0500
2015-11-15,0.006908,0.0064424008,0.0500
2015-11-16,0.009602,0.0089548252,0.0500
2015-11-17,0.009913,0.0092904636,0.0500
2015-11-18,0.010043,0.0094163168,0.0500
2015-11-19,0.010703,0.0100147971,0.0500
2015-11-20,0.011076,0.0103627056,0.0500
2015-11-21,0.010936,0.0102864016,0.0500
2015-11-22,0.011096,0.0104368976,0.0500
2015-11-23,0.011015,0.010360709,0.0500
2015-11-24,0.010967,0.0102969163,0.0500
2015-11-25,0.010859,0.0102574114,0.0500
2015-11-26,0.011136,0.0104934528,0.0500
2015-11-27,0.011603,0.0109671556,0.0500
2015-11-28,0.011457,0.0108303021,0.0500
2015-11-29,0.008935,0.0084462555,0.0500
2015-11-30,0.007463,0.0070547739,0.0500
2015-12-01,0.007584,0.0071547456,0.0500
2015-12-02,0.0068,0.00640764,0.0500
2015-12-03,0.004673,0.0043790683,0.0500
2015-12-04,0.004914,0.0045076122,0.0500
2015-12-05,0.005448,0.0050404896,0.0500
2015-12-06,0.006597,0.0061035444,0.0500
2015-12-07,0.005443,0.0050358636,0.0500
2015-12-08,0.006131,0.0056374545,0.0500
2015-12-09,0.00544,0.00497216,0.0500
2015-12-10,0.006263,0.0057231294,0.0500
2015-12-11,0.008721,0.0079640172,0.0500
2015-12-12,0.005875,0.0053491875,0.0500
2015-12-13,0.005895,0.0053673975,0.0500
2015-12-14,0.008207,0.0074724735,0.0500
2015-12-15,0.00533,0.004849767,0.0500
2015-12-16,0.007343,0.0067166421,0.0500
2015-12-17,0.006856,0.0063239744,0.0500
2015-12-18,0.005067,0.0046763343,0.0500
2015-12-19,0.006027,0.00554484,0.0500
2015-12-20,0.006644,0.00611248,0.0500
2015-12-21,0.006237,0.00573804,0.0500
2015-12-22,0.006036,0.0055114716,0.0500
2015-12-23,0.007858,0.0071987138,0.0500
2015-12-24,0.007698,0.007032123,0.0500
2015-12-25,0.00637,0.005810714,0.0500
2015-12-26,0.006429,0.0058645338,0.0500
2015-12-27,0.00764,0.006969208,0.0500
2015-12-28,0.005949,0.0054266778,0.0500
2015-12-29,0.005941,0.0054247271,0.0500
2015-12-30,0.006101,0.0055836352,0.0500
2015-12-31,0.005973,0.0054862005,0.0500
2016-01-01,0.006924,0.0063534624,0.0500
2016-01-02,0.006307,0.0057873032,0.0500
2016-01-03,0.006242,0.0057276592,0.0500
2016-01-04,0.00473,0.004340248,0.0500
2016-01-05,0.007674,0.0071414244,0.0500
2016-01-06,0.006389,0.0059475201,0.0500
2016-01-07,0.004304,0.0039601104,0.0500
2016-01-08,0.005043,0.0046430901,0.0500
2016-01-09,0.006119,0.0056196896,0.0500
2016-01-10,0.005819,0.0053441696,0.0500
2016-01-11,0.005824,0.0053487616,0.0500
2016-01-12,0.008072,0.0074496488,0.0500
2016-01-13,0.007842,0.0072507132,0.0500
2016-01-14,0.007783,0.007144794,0.0500
2016-01-15,0.009036,0.0082796868,0.0500
2016-01-16,0.00592,0.005435152,0.0500
2016-01-17,0.008448,0.0077561088,0.0500
2016-01-18,0.008411,0.0077221391,0.0500
2016-01-19,0.011356,0.0104486556,0.0500
2016-01-20,0.01478,0.013550304,0.0500
2016-01-21,0.017872,0.016406496,0.0500
2016-01-22,0.017612,0.0162946224,0.0500
2016-01-23,0.01836,0.016975656,0.0500
2016-01-24,0.022428,0.0207369288,0.0500
2016-01-25,0.022316,0.0206333736,0.0500
2016-01-26,0.014447,0.0133316916,0.0500
2016-01-27,0.008831,0.0081103904,0.0500
2016-01-28,0.0107,0.00981404,0.0500
2016-01-29,0.009176,0.0084033808,0.0500
2016-01-30,0.008675,0.00797059,0.0500
2016-01-31,0.009581,0.0088030228,0.0500
2016-02-01,0.010318,0.0094801784,0.0500
2016-02-02,0.009461,0.0086643838,0.0500
2016-02-03,0.010353,0.0094698891,0.0500
2016-02-04,0.010196,0.0090989104,0.0500
2016-02-05,0.00891,0.007953957,0.0500
2016-02-06,0.008837,0.0079603696,0.0500
2016-02-07,0.008577,0.0077261616,0.0500
2016-02-08,0.007932,0.0071451456,0.0500
2016-02-09,0.007902,0.00703278,0.0500
2016-02-10,0.00904,0.008030232,0.0500
2016-02-11,0.010476,0.0092324988,0.0500
2016-02-12,0.009636,0.0085461684,0.0500
2016-02-13,0.009914,0.008868073,0.0500
2016-02-14,0.010996,0.009835922,0.0500
2016-02-15,0.010054,0.008993303,0.0500
2016-02-16,0.016436,0.0147200816,0.0500
2016-02-17,0.012632,0.011343536,0.0500
2016-02-18,0.013406,0.0120948932,0.0500
2016-02-19,0.010986,0.0099005832,0.0500
2016-02-20,0.015569,0.0141195261,0.0500
2016-02-21,0.016612,0.0150654228,0.0500
2016-02-22,0.013291,0.0120536079,0.0500
2016-02-23,0.011635,0.0105750515,0.0500
2016-02-24,0.01104,0.010054128,0.0500
2016-02-25,0.009205,0.0083480145,0.0500
2016-02-26,0.010979,0.0099755194,0.0500
2016-02-27,0.01003,0.009211552,0.0500
2016-02-28,0.00865,0.00794416,0.0500
2016-02-29,0.008622,0.0079184448,0.0500
2016-03-01,0.007432,0.0068359536,0.0500
2016-03-02,0.011091,0.0102170292,0.0500
2016-03-03,0.011859,0.0108782607,0.0500
2016-03-04,0.012649,0.0115308284,0.0500
2016-03-05,0.015205,0.013882165,0.0500
2016-03-06,0.012818,0.011702834,0.0500
2016-03-07,0.015048,0.013738824,0.0500
2016-03-08,0.01243,0.011271524,0.0500
2016-03-09,0.012419,0.0113174347,0.0500
2016-03-10,0.011201,0.0103172411,0.0500
2016-03-11,0.015021,0.0135444357,0.0500
2016-03-12,0.015603,0.0140333382,0.0500
2016-03-13,0.013567,0.0122021598,0.0500
2016-03-14,0.012836,0.0115446984,0.0500
2016-03-15,0.014842,0.0133607684,0.0500
2016-03-16,0.013274,0.0119970412,0.0500
2016-03-17,0.015012,0.0132721092,0.0500
2016-03-18,0.013902,0.0123255132,0.0500
2016-03-19,0.012577,0.0111583144,0.0500
2016-03-20,0.012871,0.0114191512,0.0500
2016-03-21,0.012413,0.0110128136,0.0500
2016-03-22,0.014251,0.0127104669,0.0500
2016-03-23,0.013914,0.0124558128,0.0500
2016-03-24,0.013557,0.0121538505,0.0500
2016-03-25,0.013641,0.0121855053,0.0500
2016-03-26,0.01375,0.012282875,0.0500
2016-03-27,0.01431,0.012783123,0.0500
2016-03-28,0.014527,0.0129769691,0.0500
2016-03-29,0.01442,0.012881386,0.0500
2016-03-30,0.017115,0.0151142565,0.0500
2016-03-31,0.014519,0.0127520377,0.0500
2016-04-01,0.015236,0.0133269292,0.0500
2016-04-02,0.017136,0.0150574032,0.0500
2016-04-03,0.01641,0.014419467,0.0500
2016-04-04,0.014416,0.0126673392,0.0500
2016-04-05,0.015454,0.0135948838,0.0500
2016-04-06,0.016486,0.0145423006,0.0500
2016-04-07,0.01186,0.0104368,0.0500
2016-04-08,0.014006,0.01232528,0.0500
2016-04-09,0.014754,0.012954012,0.0500
2016-04-10,0.014692,0.012899576,0.0500
2016-04-11,0.014738,0.012939964,0.0500
2016-04-12,0.012425,0.0109029375,0.0500
2016-04-13,0.012713,0.0112522763,0.0500
2016-04-14,0.014128,0.0125555536,0.0500
2016-04-15,0.016199,0.0143555538,0.0500
2016-04-16,0.015577,0.0137778565,0.0500
2016-04-17,0.014515,0.0128385175,0.0500
2016-04-18,0.012822,0.011341059,0.0500
2016-04-19,0.012472,0.0109953152,0.0500
2016-04-20,0.013322,0.0117073736,0.0500
2016-04-21,0.014566,0.0128282762,0.0500
2016-04-22,0.013487,0.0119751073,0.0500
2016-04-23,0.013443,0.0119346954,0.0500
2016-04-24,0.01368,0.012145104,0.0500
2016-04-25,0.013761,0.0122170158,0.0500
2016-04-26,0.013151,0.011651786,0.0500
2016-04-27,0.011857,0.0104898879,0.0500
2016-04-28,0.011722,0.0103200488,0.0500
2016-04-29,0.013587,0.011915799,0.0500
2016-04-30,0.014327,0.0124659227,0.0500
2016-05-01,0.013728,0.0119447328,0.0500
2016-05-02,0.013714,0.0119325514,0.0500
2016-05-03,0.013491,0.0116616204,0.0500
2016-05-04,0.013662,0.0118750104,0.0500
2016-05-05,0.010275,0.008982405,0.0500
2016-05-06,0.013623,0.0119214873,0.0500
2016-05-07,0.013843,0.0121486168,0.0500
2016-05-08,0.013664,0.0119915264,0.0500
2016-05-09,0.013059,0.0114605784,0.0500
2016-05-10,0.013529,0.0118933439,0.0500
2016-05-11,0.013527,0.0118564155,0.0500
2016-05-12,0.012808,0.011245424,0.0500
2016-05-13,0.012074,0.0106396088,0.0500
2016-05-14,0.014048,0.0124057888,0.0500
2016-05-15,0.014062,0.0124181522,0.0500
2016-05-16,0.013517,0.0119368627,0.0500
2016-05-17,0.012249,0.0108219915,0.0500
2016-05-18,0.013636,0.0120896776,0.0500
2016-05-19,0.012252,0.0109422612,0.0500
2016-05-20,0.013065,0.0116448345,0.0500
2016-05-21,0.013116,0.0116955372,0.0500
2016-05-22,0.013433,0.0119782061,0.0500
2016-05-23,0.01372,0.012234124,0.0500
2016-05-24,0.013942,0.0124836668,0.0500
2016-05-25,0.014249,0.0127842028,0.0500
2016-05-26,0.015682,0.0140416628,0.0500
2016-05-27,0.015814,0.0141598556,0.0500
2016-05-28,0.014535,0.0130480695,0.0500
2016-05-29,0.016479,0.0147931983,0.0500
2016-05-30,0.016361,0.0146872697,0.0500
2016-05-31,0.014848,0.013311232,0.0500
2016-06-01,0.014613,0.0130771737,0.0500
2016-06-02,0.018524,0.0165567512,0.0500
2016-06-03,0.018087,0.0162149955,0.0500
2016-06-04,0.017076,0.0150456636,0.0500
2016-06-05,0.019255,0.0169655805,0.0500
2016-06-06,0.019291,0.0169973001,0.0500
2016-06-07,0.019516,0.0171974992,0.0500
2016-06-08,0.019206,0.0168801534,0.0500
2016-06-09,0.019107,0.0168447312,0.0500
2016-06-10,0.018836,0.0166623256,0.0500
2016-06-11,0.018133,0.0160930375,0.0500
2016-06-12,0.019355,0.0171775625,0.0500
2016-06-13,0.021529,0.0191069875,0.0500
2016-06-14,0.022117,0.0197040353,0.0500
2016-06-15,0.021513,0.0191573265,0.0500
2016-06-16,0.021438,0.0191848662,0.0500
2016-06-17,0.019096,0.0169687056,0.0500
2016-06-18,0.012499,0.0110303675,0.0500
2016-06-19,0.012826,0.011318945,0.0500
2016-06-20,0.01374,0.01212555,0.0500
2016-06-21,0.016049,0.0141857111,0.0500
2016-06-22,0.010893,0.0096544659,0.0500
2016-06-23,0.010217,0.008970526,0.0500
2016-06-24,0.010383,0.0093831171,0.0500
2016-06-25,0.015162,0.0137868066,0.0500
2016-06-26,0.015158,0.0137831694,0.0500
2016-06-27,0.010794,0.0098149842,0.0500
2016-06-28,0.014855,0.0134155505,0.0500
2016-06-29,0.011646,0.0105011982,0.0500
2016-06-30,0.012804,0.0115325628,0.0500
2016-07-01,0.015359,0.0137939179,0.0500
2016-07-02,0.011193,0.0100490754,0.0500
2016-07-03,0.010992,0.0098686176,0.0500
2016-07-04,0.008885,0.007976953,0.0500
2016-07-05,0.009223,0.0082748756,0.0500
2016-07-06,0.013956,0.0126078504,0.0500
2016-07-07,0.012808,0.01155922,0.0500
2016-07-08,0.013093,0.0118269069,0.0500
2016-07-09,0.015217,0.0137729067,0.0500
2016-07-10,0.01367,0.012372717,0.0500
2016-07-11,0.013637,0.0123428487,0.0500
2016-07-12,0.012966,0.0116901456,0.0500
2016-07-13,0.014142,0.0127730544,0.0500
2016-07-14,0.014948,0.0133978924,0.0500
2016-07-15,0.015794,0.0141924884,0.0500
2016-07-16,0.015646,0.0141549362,0.0500
2016-07-17,0.013222,0.0119619434,0.0500
2016-07-18,0.0163,0.01474661,0.0500
2016-07-19,0.016154,0.0146387548,0.0500
2016-07-20,0.018591,0.016880628,0.0500
2016-07-21,0.017334,0.0157375386,0.0500
2016-07-22,0.019558,0.0177567082,0.0500
2016-07-23,0.016884,0.0153745704,0.0500
2016-07-24,0.01907,0.017365142,0.0500
2016-07-25,0.010283,0.0093636998,0.0500
2016-07-26,0.018302,0.0166420086,0.0500
2016-07-27,0.018152,0.0165146896,0.0500
2016-07-28,0.018224,0.0164325808,0.0500
2016-07-29,0.018217,0.0163916566,0.0500
2016-07-30,0.018376,0.0164593832,0.0500
2016-07-31,0.018302,0.0163931014,0.0500
2016-08-01,0.018084,0.0161978388,0.0500
2016-08-02,0.018704,0.0167101536,0.0500
2016-08-03,0.015614,0.0139417406,0.0500
2016-08-04,0.017229,0.015471642,0.0500
2016-08-05,0.01758,0.015758712,0.0500
2016-08-06,0.017493,0.015778686,0.0500
2016-08-07,0.01788,0.01612776,0.0500
2016-08-08,0.018907,0.017054114,0.0500
2016-08-09,0.019493,0.0175963311,0.0500
2016-08-10,0.019397,0.0173428577,0.0500
2016-08-11,0.019113,0.0171367158,0.0500
2016-08-12,0.018932,0.0169668584,0.0500
2016-08-13,0.019419,0.0173702955,0.0500
2016-08-14,0.019354,0.017312153,0.0500
2016-08-15,0.018854,0.016864903,0.0500
2016-08-16,0.018747,0.0165967191,0.0500
2016-08-17,0.018478,0.0163862904,0.0500
2016-08-18,0.017196,0.0151892268,0.0500
2016-08-19,0.01727,0.015247683,0.0500
2016-08-20,0.018351,0.0162314595,0.0500
2016-08-21,0.017428,0.015415066,0.0500
2016-08-22,0.015794,0.013969793,0.0500
2016-08-23,0.018183,0.0160355877,0.0500
2016-08-24,0.017899,0.0158853625,0.0500
2016-08-25,0.01798,0.015924886,0.0500
2016-08-26,0.017154,0.0151932978,0.0500
2016-08-27,0.017181,0.0153821493,0.0500
2016-08-28,0.016813,0.0150526789,0.0500
2016-08-29,0.016816,0.0150553648,0.0500
2016-08-30,0.015771,0.0141213534,0.0500
2016-08-31,0.01617,0.014525511,0.0500
2016-09-01,0.014882,0.0133521304,0.0500
2016-09-02,0.013455,0.012020697,0.0500
2016-09-03,0.015539,0.0139291596,0.0500
2016-09-04,0.019143,0.0171597852,0.0500
2016-09-05,0.019768,0.0177200352,0.0500
2016-09-06,0.019702,0.0176549622,0.0500
2016-09-07,0.019833,0.0176493867,0.0500
2016-09-08,0.019967,0.0176767851,0.0500
2016-09-09,0.020355,0.0180650625,0.0500
2016-09-10,0.020237,0.0180271196,0.0500
2016-09-11,0.020252,0.0180404816,0.0500
2016-09-12,0.019718,0.0175647944,0.0500
2016-09-13,0.019695,0.0175108245,0.0500
2016-09-14,0.01949,0.017373386,0.0500
2016-09-15,0.01832,0.016279152,0.0500
2016-09-16,0.018227,0.0162366116,0.0500
2016-09-17,0.019296,0.0172834272,0.0500
2016-09-18,0.019598,0.0175539286,0.0500
2016-09-19,0.019723,0.0176658911,0.0500
2016-09-20,0.019355,0.0173053055,0.0500
2016-09-21,0.019904,0.0178518976,0.0500
2016-09-22,0.022047,0.0196174206,0.0500
2016-09-23,0.02087,0.018609779,0.0500
2016-09-24,0.021401,0.0190019479,0.0500
2016-09-25,0.020676,0.0183582204,0.0500
2016-09-26,0.020729,0.0184052791,0.0500
2016-09-27,0.021622,0.0192716886,0.0500
2016-09-28,0.021228,0.0189120252,0.0500
2016-09-29,0.022804,0.0203229248,0.0500
2016-09-30,0.023016,0.020622336,0.0500
2016-10-01,0.023164,0.02061596,0.0500
2016-10-02,0.022717,0.02021813,0.0500
2016-10-03,0.023189,0.02063821,0.0500
2016-10-04,0.0235,0.021056,0.0500
2016-10-05,0.021626,0.019290392,0.0500
2016-10-06,0.020838,0.0186312558,0.0500
2016-10-07,0.022694,0.0203724038,0.0500
2016-10-08,0.023592,0.0211407912,0.0500
2016-10-09,0.02438,0.021846918,0.0500
2016-10-10,0.025293,0.0226650573,0.0500
2016-10-11,0.024816,0.0223989216,0.0500
2016-10-12,0.025701,0.0233210874,0.0500
2016-10-13,0.024812,0.022479672,0.0500
2016-10-14,0.025134,0.0228442926,0.0500
2016-10-15,0.025615,0.023299404,0.0500
2016-10-16,0.025999,0.0236486904,0.0500
2016-10-17,0.025665,0.023344884,0.0500
2016-10-18,0.02459,0.022369523,0.0500
2016-10-19,0.02333,0.021248964,0.0500
2016-10-20,0.022232,0.0202466824,0.0500
2016-10-21,0.024099,0.0221373414,0.0500
2016-10-22,0.021516,0.0197559912,0.0500
2016-10-23,0.024813,0.0227832966,0.0500
2016-10-24,0.023044,0.0211590008,0.0500
2016-10-25,0.023071,0.0212207058,0.0500
2016-10-26,0.025646,0.0234737838,0.0500
2016-10-27,0.028421,0.0260108992,0.0500
2016-10-28,0.027064,0.0247797984,0.0500
2016-10-29,0.028503,0.0260403408,0.0500
2016-10-30,0.029294,0.0267629984,0.0500
2016-10-31,0.028762,0.0262769632,0.0500
2016-11-01,0.028039,0.025431373,0.0500
2016-11-02,0.029192,0.0263107496,0.0500
2016-11-03,0.029633,0.0267823054,0.0500
2016-11-04,0.027548,0.024834522,0.0500
2016-11-05,0.026878,0.024297712,0.0500
2016-11-06,0.026399,0.023864696,0.0500
2016-11-07,0.028447,0.025716088,0.0500
2016-11-08,0.027296,0.024730176,0.0500
2016-11-09,0.028394,0.0257618762,0.0500
2016-11-10,0.028208,0.0258921232,0.0500
2016-11-11,0.029158,0.0267408018,0.0500
2016-11-12,0.027224,0.0252611496,0.0500
2016-11-13,0.027652,0.0256582908,0.0500
2016-11-14,0.026614,0.0246951306,0.0500
2016-11-15,0.027212,0.0252772268,0.0500
2016-11-16,0.026975,0.02520544,0.0500
2016-11-17,0.02604,0.024297924,0.0500
2016-11-18,0.026683,0.0251033664,0.0500
2016-11-19,0.027658,0.0260151148,0.0500
2016-11-20,0.027141,0.0255288246,0.0500
2016-11-21,0.027772,0.0261223432,0.0500
2016-11-22,0.026591,0.0250460629,0.0500
2016-11-23,0.026365,0.024867468,0.0500
2016-11-24,0.025182,0.023872536,0.0500
2016-11-25,0.023252,0.0219522132,0.0500
2016-11-26,0.022294,0.021056683,0.0500
2016-11-27,0.021569,0.0203719205,0.0500
2016-11-28,0.022159,0.0209291755,0.0500
2016-11-29,0.021177,0.0200228535,0.0500
2016-11-30,0.022179,0.0208549137,0.0500
2016-12-01,0.019075,0.017949575,0.0500
2016-12-02,0.017878,0.0167999566,0.0500
2016-12-03,0.020577,0.0192271488,0.0500
2016-12-04,0.019279,0.0180142976,0.0500
2016-12-05,0.01896,0.017716224,0.0500
2016-12-06,0.018224,0.0169774784,0.0500
2016-12-07,0.021299,0.019850668,0.0500
2016-12-08,0.019459,0.0180813028,0.0500
2016-12-09,0.025691,0.0243319461,0.0500
2016-12-10,0.022179,0.0209325402,0.0500
2016-12-11,0.019707,0.0185994666,0.0500
2016-12-12,0.018089,0.0170723982,0.0500
2016-12-13,0.018689,0.0176143825,0.0500
2016-12-14,0.018421,0.0173065295,0.0500
2016-12-15,0.01899,0.018226602,0.0500
2016-12-16,0.018254,0.0174855066,0.0500
2016-12-17,0.019811,0.0190086545,0.0500
2016-12-18,0.019336,0.018552892,0.0500
2016-12-19,0.019368,0.018583596,0.0500
2016-12-20,0.019683,0.0189921267,0.0500
2016-12-21,0.019381,0.0185980076,0.0500
2016-12-22,0.017829,0.0170712675,0.0500
2016-12-23,0.019841,0.0189937893,0.0500
2016-12-24,0.018486,0.0176984964,0.0500
2016-12-25,0.020601,0.0197233974,0.0500
2016-12-26,0.024609,0.0235606566,0.0500
2016-12-27,0.024923,0.0238612802,0.0500
2016-12-28,0.027977,0.0268970878,0.0500
2016-12-29,0.025393,0.0242934831,0.0500
2016-12-30,0.029205,0.0277067835,0.0500
2016-12-31,0.030087,0.0287511372,0.0500
2017-01-01,0.031235,0.029848166,0.0500
2017-01-02,0.02998,0.028648888,0.0500
2017-01-03,0.029631,0.0285316899,0.0500
2017-01-04,0.029645,0.0284028745,0.0500
2017-01-05,0.027228,0.0259292244,0.0500
2017-01-06,0.025649,0.0242229156,0.0500
2017-01-07,0.022867,0.0217442303,0.0500
2017-01-08,0.020888,0.0198623992,0.0500
2017-01-09,0.021131,0.0200934679,0.0500
2017-01-10,0.022544,0.0213333872,0.0500
2017-01-11,0.021675,0.0206367675,0.0500
2017-01-12,0.019537,0.0182944468,0.0500
2017-01-13,0.017706,0.016608228,0.0500
2017-01-14,0.018375,0.0173441625,0.0500
2017-01-15,0.019756,0.0186476884,0.0500
2017-01-16,0.019312,0.0182285968,0.0500
2017-01-17,0.019541,0.018290376,0.0500
2017-01-18,0.01953,0.018313281,0.0500
2017-01-19,0.020002,0.0187498748,0.0500
2017-01-20,0.020831,0.0195936386,0.0500
2017-01-21,0.020586,0.0192129138,0.0500
2017-01-22,0.020998,0.0195974334,0.0500
2017-01-23,0.018678,0.0174321774,0.0500
2017-01-24,0.017499,0.0162810696,0.0500
2017-01-25,0.018568,0.0172830944,0.0500
2017-01-26,0.019825,0.018528445,0.0500
2017-01-27,0.018847,0.0176445614,0.0500
2017-01-28,0.0212,0.01994284,0.0500
2017-01-29,0.022293,0.0209710251,0.0500
2017-01-30,0.022978,0.0216154046,0.0500
2017-01-31,0.023,0.0213854,0.0500
2017-02-01,0.024231,0.0224572908,0.0500
2017-02-02,0.024696,0.0228487392,0.0500
2017-02-03,0.025256,0.023513336,0.0500
2017-02-04,0.025319,0.0236352865,0.0500
2017-02-05,0.025869,0.0241487115,0.0500
2017-02-06,0.025628,0.023923738,0.0500
2017-02-07,0.025255,0.023658884,0.0500
2017-02-08,0.025782,0.0241732032,0.0500
2017-02-09,0.025712,0.0240484336,0.0500
2017-02-10,0.023925,0.02250864,0.0500
2017-02-11,0.023862,0.0224493696,0.0500
2017-02-12,0.02291,0.021553728,0.0500
2017-02-13,0.020897,0.0196598976,0.0500
2017-02-14,0.020241,0.0190548774,0.0500
2017-02-15,0.020859,0.0197618166,0.0500
2017-02-16,0.020667,0.0194021796,0.0500
2017-02-17,0.021559,0.020243901,0.0500
2017-02-18,0.022107,0.020824794,0.0500
2017-02-19,0.020346,0.019165932,0.0500
2017-02-20,0.023281,0.021930702,0.0500
2017-02-21,0.023976,0.022753224,0.0500
2017-02-22,0.024682,0.0234775184,0.0500
2017-02-23,0.026182,0.0247629356,0.0500
2017-02-24,0.025843,0.0243596118,0.0500
2017-02-25,0.024612,0.0232484952,0.0500
2017-02-26,0.021207,0.0200321322,0.0500
2017-02-27,0.023187,0.0219024402,0.0500
2017-02-28,0.024319,0.0229498403,0.0500
2017-03-01,0.023599,0.0224048906,0.0500
2017-03-02,0.024572,0.0233704292,0.0500
2017-03-03,0.023156,0.021917154,0.0500
2017-03-04,0.024646,0.0232682886,0.0500
2017-03-05,0.025417,0.0239961897,0.0500
2017-03-06,0.030474,0.0287705034,0.0500
2017-03-07,0.031079,0.0293851945,0.0500
2017-03-08,0.029881,0.0283062713,0.0500
2017-03-09,0.028037,0.0265734686,0.0500
2017-03-10,0.025184,0.0237459936,0.0500
2017-03-11,0.027203,0.0255109734,0.0500
2017-03-12,0.025868,0.0242590104,0.0500
2017-03-13,0.026992,0.0253130976,0.0500
2017-03-14,0.02895,0.02723037,0.0500
2017-03-15,0.02847,0.026801658,0.0500
2017-03-16,0.025005,0.0233121615,0.0500
2017-03-17,0.024885,0.023177889,0.0500
2017-03-18,0.022467,0.0208965567,0.0500
2017-03-19,0.018697,0.0173900797,0.0500
2017-03-20,0.019998,0.0186001398,0.0500
2017-03-21,0.022722,0.0210360276,0.0500
2017-03-22,0.02584,0.023909752,0.0500
2017-03-23,0.028467,0.0263917557,0.0500
2017-03-24,0.039466,0.036525783,0.0500
2017-03-25,0.035363,0.0324773792,0.0500
2017-03-26,0.037938,0.0348422592,0.0500
2017-03-27,0.03756,0.034495104,0.0500
2017-03-28,0.039122,0.0360274498,0.0500
2017-03-29,0.036629,0.0340796216,0.0500
2017-03-30,0.034995,0.032594343,0.0500
2017-03-31,0.035781,0.0334695474,0.0500
2017-04-01,0.036795,0.03451371,0.0500
2017-04-02,0.038034,0.035675892,0.0500
2017-04-03,0.037628,0.035295064,0.0500
2017-04-04,0.037162,0.0348914018,0.0500
2017-04-05,0.036808,0.034470692,0.0500
2017-04-06,0.037444,0.0351074944,0.0500
2017-04-07,0.037846,0.0356017322,0.0500
2017-04-08,0.037367,0.0353267618,0.0500
2017-04-09,0.037042,0.0350195068,0.0500
2017-04-10,0.036824,0.0348134096,0.0500
2017-04-11,0.038879,0.036624018,0.0500
2017-04-12,0.037355,0.035225765,0.0500
2017-04-13,0.037212,0.0350053284,0.0500
2017-04-14,0.037639,0.0352376318,0.0500
2017-04-15,0.037887,0.0354698094,0.0500
2017-04-16,0.034003,0.0318336086,0.0500
2017-04-17,0.037272,0.0348940464,0.0500
2017-04-18,0.037608,0.0352086096,0.0500
2017-04-19,0.039379,0.0367169796,0.0500
2017-04-20,0.038741,0.0360562487,0.0500
2017-04-21,0.038175,0.03568599,0.0500
2017-04-22,0.040731,0.0375458358,0.0500
2017-04-23,0.043122,0.0397498596,0.0500
2017-04-24,0.04859,0.044790262,0.0500
2017-04-25,0.046831,0.0430002242,0.0500
2017-04-26,0.050734,0.046573812,0.0500
2017-04-27,0.051871,0.047669449,0.0500
2017-04-28,0.052762,0.0482719538,0.0500
2017-04-29,0.048855,0.044760951,0.0500
2017-04-30,0.052872,0.0484413264,0.0500
2017-05-01,0.056598,0.0518550876,0.0500
2017-05-02,0.057731,0.0528931422,0.0500
2017-05-03,0.055948,0.0512371784,0.0500
2017-05-04,0.062584,0.0572768768,0.0500
2017-05-05,0.060138,0.0548638974,0.0500
2017-05-06,0.059356,0.0542632552,0.0500
2017-05-07,0.061747,0.0564491074,0.0500
2017-05-08,0.057482,0.0525500444,0.0500
2017-05-09,0.06335,0.05818064,0.0500
2017-05-10,0.065492,0.0601805988,0.0500
2017-05-11,0.059,0.0543272,0.0500
2017-05-12,0.058871,0.0541318845,0.0500
2017-05-13,0.059717,0.0544260738,0.0500
2017-05-14,0.054338,0.0495236532,0.0500
2017-05-15,0.057004,0.0519534456,0.0500
2017-05-16,0.05501,0.049740042,0.0500
2017-05-17,0.053379,0.0480144105,0.0500
2017-05-18,0.05728,0.051471808,0.0667
2017-05-19,0.054779,0.0489998155,0.0667
2017-05-20,0.054183,0.0481903602,0.0667
2017-05-21,0.059678,0.0530776132,0.0667
2017-05-22,0.059757,0.0531478758,0.0667
2017-05-23,0.052247,0.0465886499,0.0667
2017-05-24,0.07104,0.063467136,0.0667
2017-05-25,0.06538,0.058299346,0.0667
2017-05-26,0.070454,0.0629295128,0.0667
2017-05-27,0.064204,0.0573855352,0.0667
2017-05-28,0.050068,0.0447507784,0.0667
2017-05-29,0.068842,0.0615309796,0.0667
2017-05-30,0.068655,0.061446225,0.0667
2017-05-31,0.061389,0.0547098768,0.0667
2017-06-01,0.069823,0.0622332399,0.0667
2017-06-02,0.081349,0.0725226335,0.0667
2017-06-03,0.085681,0.076170409,0.0667
2017-06-04,0.085677,0.076166853,0.0667
2017-06-05,0.087711,0.077975079,0.0667
2017-06-06,0.110702,0.0983365866,0.0667
2017-06-07,0.11699,0.104296585,0.0667
2017-06-08,0.097134,0.0865075404,0.0667
2017-06-09,0.105693,0.0945740964,0.0667
2017-06-10,0.10553,0.094048336,0.0667
2017-06-11,0.101368,0.0903391616,0.0667
2017-06-12,0.100923,0.0899425776,0.0667
2017-06-13,0.09015,0.080368725,0.0667
2017-06-14,0.09746,0.086992796,0.0667
2017-06-15,0.087728,0.0785691968,0.1000
2017-06-16,0.083227,0.0745297785,0.1000
2017-06-17,0.092451,0.0825494979,0.1000
2017-06-18,0.094924,0.0847576396,0.1000
2017-06-19,0.092971,0.0830138059,0.1000
2017-06-20,0.089029,0.0798055956,0.1000
2017-06-21,0.207198,0.1858773258,0.1000
2017-06-22,0.15285,0.136846605,0.1000
2017-06-23,0.144765,0.129564675,0.1000
2017-06-24,0.184898,0.1652803222,0.1000
2017-06-25,0.198949,0.1778405111,0.1000
2017-06-26,0.164714,0.1472378446,0.1000
2017-06-27,0.184927,0.1639747709,0.1000
2017-06-28,0.207512,0.1824237992,0.1000
2017-06-29,0.229593,0.2011693866,0.1000
2017-06-30,0.262968,0.2304388584,0.1000
2017-07-01,0.22777,0.200346492,0.1000
2017-07-02,0.297291,0.2614971636,0.1000
2017-07-03,0.269236,0.2368199856,0.1000
2017-07-04,0.279019,0.2457599352,0.1000
2017-07-05,0.23905,0.211009435,0.1000
2017-07-06,0.242142,0.2126733186,0.1000
2017-07-07,0.267984,0.2348343792,0.1000
2017-07-08,0.275531,0.2419713242,0.1000
2017-07-09,0.287237,0.2522515334,0.1000
2017-07-10,0.278358,0.2444539956,0.1000
2017-07-11,0.291607,0.2556810176,0.1000
2017-07-12,0.245083,0.2140554922,0.1000
2017-07-13,0.246829,0.2161975211,0.2000
2017-07-14,0.23642,0.20710392,0.2000
2017-07-15,0.24247,0.211530828,0.2000
2017-07-16,0.230219,0.2008430556,0.2000
2017-07-17,0.25671,0.223953804,0.2000
2017-07-18,0.313425,0.271237995,0.2000
2017-07-19,0.30854,0.267535034,0.2000
2017-07-20,0.293178,0.2552700846,0.2000
2017-07-21,0.469727,0.403495493,0.2000
2017-07-22,0.454413,0.3901135605,0.2000
2017-07-23,0.509705,0.4375817425,0.2000
2017-07-24,0.54393,0.466963905,0.2000
2017-07-25,0.523435,0.4475892685,0.2000
2017-07-26,0.396201,0.3402574188,0.2000
2017-07-27,0.369834,0.3162450534,0.2000
2017-07-28,0.305779,0.2607071754,0.2000
2017-07-29,0.310681,0.2649176887,0.2000
2017-07-30,0.260982,0.2225393514,0.2000
2017-07-31,0.284992,0.2430126784,0.2000
2017-08-01,0.271919,0.2302066254,0.2000
2017-08-02,0.277027,0.2341986258,0.2000
2017-08-03,0.315043,0.2656442576,0.2000
2017-08-04,0.423609,0.3569329434,0.2000
2017-08-05,0.520248,0.4410142296,0.2000
2017-08-06,0.525861,0.4457723697,0.2000
2017-08-07,0.454041,0.3848905557,0.2000
2017-08-08,0.441703,0.3739015895,0.2000
2017-08-09,0.444436,0.3788372464,0.2000
2017-08-10,0.428972,0.3656557328,0.5000
2017-08-11,0.45793,0.3892405,0.5000
2017-08-12,0.44432,0.376650064,0.5000
2017-08-13,0.399577,0.3387214229,0.5000
2017-08-14,0.424314,0.3596909778,0.5000
2017-08-15,0.432704,0.368447456,0.5000
2017-08-16,0.475393,0.405985622,0.5000
2017-08-17,0.504717,0.4314825633,0.5000
2017-08-18,0.521838,0.4445016084,0.5000
2017-08-19,0.494873,0.4207905119,0.5000
2017-08-20,0.497853,0.4233244059,0.5000
2017-08-21,0.576076,0.4898374228,0.5000
2017-08-22,0.552169,0.4690675655,0.5000
2017-08-23,0.594236,0.50361501,0.5000
2017-08-24,0.618461,0.523836467,0.5000
2017-08-25,0.627668,0.5315720292,0.5000
2017-08-26,0.626749,0.5255917114,0.5000
2017-08-27,0.615865,0.516464389,0.5000
2017-08-28,0.609273,0.5109363378,0.5000
2017-08-29,0.631115,0.52382545,0.5000
2017-08-30,0.643167,0.5397457464,0.5000
2017-08-31,0.632974,0.5353061118,0.5000
2017-09-01,0.61255,0.513868195,0.5000
2017-09-02,0.619377,0.52027668,0.5000
2017-09-03,0.577354,0.48497736,0.5000
2017-09-04,0.600746,0.50462664,0.5000
2017-09-05,0.611336,0.514133576,0.5000
2017-09-06,0.624946,0.5238297372,0.5000
2017-09-07,0.628796,0.5252961784,0.5000
2017-09-08,0.588155,0.487698126,0.5000
2017-09-09,0.647115,0.5393703525,0.5000
2017-09-10,0.663206,0.552782201,0.5000
2017-09-11,0.6411,0.53435685,0.5000
2017-09-12,0.602591,0.504971258,0.5000
2017-09-13,0.584496,0.4879372608,0.5000
2017-09-14,0.64741,0.544730774,0.6000
2017-09-15,0.581574,0.4861377066,0.6000
2017-09-16,0.679957,0.569124009,0.6000
2017-09-17,0.650508,0.544475196,0.6000
2017-09-18,0.658871,0.551475027,0.6000
2017-09-19,0.706345,0.5900099785,0.6000
2017-09-20,0.654313,0.5449118664,0.6000
2017-09-21,0.70877,0.5953668,0.6000
2017-09-22,0.684363,0.5721959043,0.6000
2017-09-23,0.720119,0.6068442813,0.6000
2017-09-24,0.725765,0.6116021655,0.6000
2017-09-25,0.702781,0.5922335487,0.6000
2017-09-26,0.705806,0.5988058104,0.6000
2017-09-27,0.705474,0.6008522058,0.6000
2017-09-28,0.761725,0.646704525,0.6000
2017-09-29,0.716163,0.606590061,0.6000
2017-09-30,0.766405,0.652646739445,0.6000
2017-10-01,0.762951,0.649705420119,0.6000
2017-10-02,0.747574,0.636610843606,0.6000
2017-10-03,0.703116,0.598751789004,0.6000
2017-10-04,0.691759,0.587681091414,0.6000
2017-10-05,0.655011,0.557138601369,0.6000
2017-10-06,0.665935,0.56941038549,0.6000
2017-10-07,0.704114,0.600119178656,0.6000
2017-10-08,0.698115,0.5949754899,0.6000
2017-10-09,0.661925,0.564011068225,0.6000
2017-10-10,0.690577,0.585130726139,0.6000
2017-10-11,0.68255,0.5770154841,0.6000
2017-10-12,0.674668,0.568543398268,0.6000
2017-10-13,0.615117,0.52044434253,0.6000
2017-10-14,0.616305,0.521384785425,0.6000
2017-10-16,0.639835,0.54187242249,0.6000
2017-10-17,0.62517,0.53225473392,0.6000
2017-10-18,0.706197,0.599203917318,0.6000
2017-10-19,0.7062,0.5985391038,0.6000
2017-10-20,0.693383,0.586684530577,0.6000
2017-10-21,0.666898,0.566101035586,0.6000
2017-10-22,0.643743,0.54640262097,0.6000
2017-10-24,0.6213,0.5284318038,0.6000
2017-10-25,0.687178,0.583954243908,0.6000
2017-10-26,0.779095,0.659479765555,0.6000
2017-10-27,0.716475,0.61578590235,0.6000
2017-10-28,0.802571,0.691335461971,0.6000
